{"name":"Converse.js","tagline":"Browser-based Instant Messaging with Strophe.js and Backbone.js","body":"``Converse.js`` implements an [XMPP](http://xmpp.org) based instant messaging client in the browser.\r\n\r\nIt is used by [collective.xmpp.chat](http://github.com/collective/collective.xmpp.chat), which is a [Plone](http://plone.org) instant messaging add-on.\r\n\r\nThe ultimate goal is to enable anyone to add chat functionality to their websites, regardless of the backend.\r\n\r\nCurrently this is not yet the case, as the code makes ajax calls to the (Plone) backend\r\nto fetch user info. \r\n\r\n--------\r\nFeatures\r\n--------\r\n\r\nIt has the following features:\r\n\r\n* Manually or automically subscribe to other users.\r\n* With manual roster subscriptions, you can accept or decline contact requests.\r\n* Chat statuses (online, busy, away, offline)\r\n* Custom status message\r\n* Typing notifications (i.e when the contact is typing)\r\n* Third person messages (/me )\r\n* Multi-user chat in chatrooms\r\n* Topics can be set for chatrooms\r\n* Full name and profile picture support\r\n\r\nA screencast of ``Converse.js`` in action via ``collective.xmpp.chat`` can be seen [here](http://opkode.com/media/blog/instant-messaging-for-plone-with-javascript-and-xmpp).\r\n\r\nIt depends on quite a few third party libraries, including [strophe.js](http://strophe.im/strophejs),\r\n[backbone.js](http:/backbonejs.org) and [require.js](http:/requirejs.org).\r\n\r\n-------\r\nLicence\r\n-------\r\n\r\n``Converse.js`` is released under both the [MIT](http://opensource.org/licenses/mit-license.php) and [GPL](http://opensource.org/licenses/gpl-license.php) licenses.\r\n","google":"","note":"Don't delete this file! It's used internally to help with page regeneration."}